Week,T001,T002,T002A,T002B,T003,T004,T005,T006,T007,T008,T009,T011,T012,T013,T014,T015,T016,T017,T018,T019,T025,T027,T028,T030,T031,T033,T034,T035,T036,T037,T039,T040,T043,T044,T045,T046,T047,T048,T049,T050,T051,T054,T054C,T060,T061,T062,T063,T065,T065A,T066,T067,T069,T070,T071,T072,T073,T074,T075,T076,T077,T078,T079,T080,T081,T082,T083,T084,T085,T086,T088,T089,T090,T090A,T090B,T090C,T091,T092,T094,T094B,T095,T096,T097,T099,T100,T102,T103,T107,T114,T115,T128,T128A,T129,T135,T138,T141,T142,T143,T144,T145,T146,T147,T148,T149,T150,T151,T152,T153,T154,T155,T156,T157,T158,T159,T160,T161,T162,T200,T200A,T200B,T206,T209,T212,T215,T218,T218A,T218B,T218C,T219,T220,T221,T222,T223,T224,T225,T226,T227,T228,T229,T230,T231,T232,T233,T234,T235,T236,T237,T238,T900,T903
22,1.5249286208773857e-11,5.1495726086092644e-12,6.479592903896325e-12,5.348420491213535e-12,8.486518779382559e-12,1.1991673279365678e-11,1.0273154722739706e-11,2.9053578119719865e-12,3.9793797597387215e-12,2.940631462292065e-12,2.544948193156094e-12,6.7899852407293784e-12,6.016534492836456e-12,7.305183367944945e-12,5.5447638667993634e-12,2.3693716259820534e-12,6.886070388217607e-15,4.395141816140348e-14,9.030104409449984e-14,2.399188974658989e-13,4.598537127259092e-14,5.717723793345272e-14,8.200500012118389e-14,2.689604723833672e-13,2.305870772101315e-12,2.5790944358471124e-13,9.283247998440047e-13,1.5382311310124795e-12,1.1467655167476942e-12,1.7185182110365273e-14,1.6919695896081e-13,8.281295571163637e-13,7.217208059483171e-13,3.8756468195323685e-13,3.4318975070633806e-13,4.794272617791863e-13,5.568522531106124e-13,1.639548913301425e-11,9.943153071734214e-12,4.656618840526151e-12,2.4909603893452648e-11,9.51297374207627e-12,8.545969487627756e-12,2.8062231358094717e-11,3.4370367663072437e-11,2.96118234099918e-11,3.013832239329161e-11,1.6800663291127723e-11,2.0740352144055233e-11,3.742442813980951e-11,2.4957017355498052e-11,3.9320980499413245e-11,2.6445021519827527e-11,1.768921120692823e-11,3.762619382730037e-11,1.2031474427853794e-10,2.989448966150832e-11,7.308336574807228e-11,4.995939772989289e-11,1.0927590082809856e-10,6.135717628419357e-11,1.63202423797415e-10,1.704933555446431e-10,3.037626747359745e-11,4.3107059588543e-11,7.899438048131202e-11,2.999319681507018e-10,1.351035811003598e-10,3.040635104811784e-11,9.910340777186109e-12,1.2974631091733355e-10,1.505855336259021e-11,1.5119458462997668e-10,1.5380148543631122e-11,2.544780774993427e-10,1.8279433522394584e-11,2.0525990629405303e-11,3.9160064080334684e-11,1.7528268766997538e-11,7.28656787685189e-11,1.0436406079616932e-11,1.1341746430915125e-09,2.8090413328740743e-10,3.4157596195960593e-10,1.6037521310963143e-10,5.374461986562551e-10,3.2807462302386625e-10,2.6812278092203104e-11,7.473409113778473e-10,4.915664542082254e-10,2.554058631254464e-10,1.5175818934842766e-11,2.0733678662843147e-10,2.784333319461041e-10,7.932178134814615e-13,6.996411913359757e-13,2.59905974780289e-13,3.209122691975181e-13,1.4106862379625886e-11,3.132955917264924e-12,3.993339946911645e-12,5.188434317598967e-13,1.9301617595890437e-12,7.080355182362276e-13,5.729790556949221e-13,1.4275001319896677e-11,1.9547250103280067e-12,1.46489569606556e-12,1.9316433869098762e-11,1.9601808023961282e-11,2.981425870074439e-11,1.4565305905822615e-10,2.3408947003034086e-10,1.1042717087961227e-11,2.6778598435917015e-11,4.793100361055734e-10,1.999904020166809e-09,7.742886332096077e-10,3.6250211721267082e-09,6.340313829511501e-10,6.008146202773902e-10,2.1460750954105383e-09,1.9727739442032548e-09,3.411784309931276e-12,2.6748466722820163e-12,2.1503207200956886e-12,3.3542415806692154e-12,3.251352529223817e-12,4.563626386511199e-12,3.588012997823853e-09,7.321168844776071e-12,6.861599504727478e-13,1.267283500361316e-11,1.598978172090426e-10,2.6552082754705003e-10,9.202625328441627e-10,8.827377197262452e-12,4.0245104471203774e-10,1.0611051967646114e-11,8.821991748231282e-12,2.389477678221841e-11,4.796065346084066e-13,4.244592958363436e-12,3.0354735391924237e-10,1.7934794274698797e-12,1.2190666254241478e-08,1.1071310979104965e-08,2.6302258981925067e-11,1.7782136874089357e-11
23,3.671554082984585e-08,1.3165373680124047e-08,1.6041086681184424e-08,1.3976667823101252e-08,2.1009615380762625e-08,2.9186939087821884e-08,2.5432598249608415e-08,7.315024141973937e-09,1.0164509234300569e-08,7.668829127283061e-09,6.289836651518499e-09,1.6794537316400238e-08,1.5283493581819133e-08,2.137713472905034e-08,1.3726846326278519e-08,6.896212045859329e-09,2.308675299544927e-11,7.881995056635559e-11,1.0990632709484415e-10,2.772409801732323e-10,7.154128678354965e-11,8.138449636430067e-11,1.0581509279905532e-10,3.439150075834618e-10,2.3236093049661118e-09,3.635495515741383e-10,1.226849954960585e-09,2.5020003846520918e-09,1.2838603513642965e-09,4.295464678394367e-11,2.641236951372861e-10,9.970699821337805e-10,9.522641564174703e-10,5.423871907161981e-10,4.2486794638030284e-10,6.198805913015804e-10,7.557581227501943e-10,2.0237417075463785e-08,1.2590144926605262e-08,6.280941100555992e-09,2.9815325319759716e-08,1.1622923068443924e-08,1.0548613538219342e-08,3.282633542767144e-08,3.817812199713444e-08,3.0187386812485784e-08,2.7607930164208483e-08,2.0100928921351624e-08,2.280006761168352e-08,3.922396274447237e-08,2.8514195449247385e-08,4.512429185865585e-08,2.074525085049572e-08,1.8288424996626415e-08,4.529857022816941e-08,1.3124936515396257e-07,3.5694348810011434e-08,8.524789762986983e-08,5.9469051905125525e-08,1.2272570870663913e-07,6.604543756338897e-08,1.7916818251251246e-07,1.8015990121966752e-07,3.75502544613937e-08,5.036081773823753e-08,9.089193753197832e-08,3.086933304530249e-07,1.3441351143228528e-07,6.723229972749323e-08,1.3025823974999183e-08,1.2917597302930514e-07,1.870748711496617e-08,1.6063212626704626e-07,1.906878210888863e-08,2.349929673073348e-07,2.2423735757115537e-08,2.4577772705924872e-08,6.401563013014312e-08,3.9640930538098473e-08,8.299342368900398e-08,2.652432051775122e-08,9.300068768425265e-07,2.9334171358641465e-07,3.5225184547016397e-07,1.7259644380374087e-07,5.459722274281376e-07,3.4236430224154896e-07,2.5928027724830827e-08,6.588689984710071e-07,5.064092079010153e-07,2.687033031634201e-07,1.843358532482853e-08,1.6914759726205375e-07,2.943014294487511e-07,1.2553091899292212e-09,1.1591767545837685e-09,4.411301046669536e-10,7.150912639808383e-10,1.768512269961775e-08,4.144818266382799e-09,5.365788702249574e-09,7.938623092229592e-10,2.6215039028443243e-09,1.0836663788538205e-09,1.1489390550067926e-09,1.69587348608502e-08,3.118562741377673e-09,2.4113326890784492e-09,1.9569785791873077e-08,2.3714742170000136e-08,3.5408334042585914e-08,1.3321420055945055e-07,3.2455045584356407e-07,1.5628037530746042e-08,6.245499406531964e-08,5.573812700276903e-07,1.4923665503374648e-06,8.215434377234487e-07,2.2701535726810107e-06,7.136958970477282e-07,6.863487556074688e-07,1.5931796042423232e-06,1.514938730906579e-06,4.828475397289367e-09,3.7855358847593826e-09,3.1334685957062902e-09,4.747020998507878e-09,4.601409031579351e-09,6.458577672674437e-09,3.6884250675939256e-06,1.3748253202550131e-08,3.5317393454192825e-09,2.0508684528408597e-08,3.700319268773456e-07,3.8038788829908294e-07,1.3559416629504994e-06,1.4266340109259094e-08,6.758419317520747e-07,1.9542182982945636e-08,1.4255350677672142e-08,3.866928821594229e-08,1.8796033618428964e-09,8.614931878980771e-09,4.891833214060172e-07,3.385316249548964e-09,2.1989360902807675e-05,1.873149631137494e-05,7.562159254348444e-08,7.504068832986377e-08
24,0.00015062154852785167,6.8971115979366e-05,6.696632772218436e-05,6.681233935523778e-05,8.452015026705341e-05,0.0001239989505847916,0.00010833224223461002,3.57030367013067e-05,3.751275289687328e-05,2.8730943085975014e-05,5.475799480336718e-05,0.00010471478890394792,5.730288467020728e-05,0.00010588607983663678,5.728884570999071e-05,5.3354691772256047e-05,1.1047858095025732e-07,3.166753685945878e-07,2.482948389115336e-07,1.084926452676882e-06,2.2398648980015426e-07,2.3612967936514906e-07,2.683460422758799e-07,1.2292534847802015e-06,1.7073200069717128e-05,1.969990762518137e-06,6.922043667145772e-06,1.7703247067402114e-05,8.611009434389416e-06,2.5803981884564564e-07,1.5145096767810171e-06,6.313352059805767e-06,5.438604603114071e-06,3.065837972826557e-06,2.0009808849863475e-06,2.9743189315922787e-06,4.2515475797699764e-06,1.5135108696995306e-05,9.092796972254293e-06,5.380705260904506e-06,2.44352086156141e-05,7.500171250285347e-06,6.766378646716476e-06,3.3176173019455746e-05,3.943581396015361e-05,4.3478623410919674e-05,3.932806794182397e-05,3.381730493856594e-05,3.971032492700033e-05,5.131991565576754e-05,4.58646536571905e-05,4.194464781903662e-05,4.150607492192648e-05,3.511830436764285e-05,4.895511665381491e-05,6.724648119416088e-05,3.1322324502980337e-05,3.5766588553087786e-05,3.01279087580042e-05,5.240516838966869e-05,5.303495709085837e-05,6.956023571547122e-05,0.00010739318531705068,2.097901415254455e-05,3.4608401620062075e-05,3.790103073697537e-05,0.00013163428229745475,9.88913598121144e-05,3.3585034543648355e-05,1.3146940545993855e-05,9.706449054647236e-05,1.587663973623421e-05,0.000112642279418651,1.5391331544378772e-05,0.00017720481264404953,1.5943262042128478e-05,1.4708132766827475e-05,3.205148459528573e-05,1.938646710186731e-05,8.732819696888328e-05,1.3893092727812473e-05,0.0005210730014368892,0.0001051809376804158,0.00010593990737106651,8.687212539371103e-05,0.00016903156938496974,0.00015531670942436904,4.1460185457253835e-05,0.000357626675395295,0.0001817692391341552,0.00010330011718906462,9.056380804395303e-06,0.0002507164026610553,0.00012322384282015264,1.481162598793162e-06,1.4025827113073321e-06,5.388950512497104e-07,9.938219136529371e-07,9.84216694632778e-06,3.609848135965876e-06,4.627698217518628e-06,6.484433470177464e-07,1.7807826679927532e-06,8.311062629218212e-07,1.6291822930725175e-06,2.082383980450686e-05,3.804571406362811e-06,2.8178235425002636e-06,3.8331691030180075e-05,3.623936208896339e-05,3.1928298994898796e-05,0.00017083645798265934,0.0003529441310092807,2.362678969802801e-05,6.45067630102858e-05,0.0005052140331827103,0.0010223219869658349,0.0005052521009929478,0.001361230155453086,0.00039567850762978196,0.0003941680770367384,0.0009268898866139351,0.0008566496544517577,7.325816568481969e-06,5.927647634962342e-06,5.203722594160354e-06,7.794792509230321e-06,7.283774721145164e-06,9.030429282574913e-06,0.0001702253794064745,5.301311102812178e-05,2.025686808337923e-05,5.730058910558e-05,0.002320224652066827,0.0013651736080646515,0.0032415974419564013,4.481925498112105e-05,0.0026463745161890984,8.58106795931235e-05,3.874728645314463e-05,0.00011595051910262556,1.100954887078842e-05,3.308240411570296e-05,0.0017236104467883706,1.1797957995440813e-05,0.012046478688716887,0.012932702898979187,8.280043402919546e-05,9.782653796719389e-05
25,0.0015038821147754786,0.0009439042769372463,0.0008726971573196353,0.0009304570266976954,0.0009375303052365779,0.0012889611534774306,0.0011587301269173622,0.0006425149040296674,0.0005951398052275182,0.000508178083691746,0.000889469578396529,0.0012584277428686619,0.0008062968263402581,0.001164948334917426,0.0008207028149627148,0.0008219691226258874,3.6438932511373427e-06,1.1188820280949583e-05,1.5947794963722117e-05,4.4106840505264706e-05,9.313513146480544e-06,1.0193845810135826e-05,1.3940499229647683e-05,4.235766755300574e-05,0.0004205906298011541,4.930472277919762e-05,0.00017625473265070468,0.00046369471237994725,0.0002170811203541234,6.887946256028954e-06,3.870673754136078e-05,0.00015777033695485446,0.00013713818043470383,7.851287955418229e-05,4.3044783524237566e-05,7.012435526121408e-05,0.00010807254147948696,0.0002752555010374636,0.00017518676759209484,0.00010975812620017678,0.000417746021412313,0.0001469471462769434,0.00013608031440526247,0.0005049583851359786,0.0005685065407305956,0.0005864140111953019,0.0006478531868197024,0.00046318382374010975,0.0005300118937157093,0.0006700496887788178,0.00062443787464872,0.0006126539083197713,0.0006979788886383176,0.000519730499945581,0.0007015463779680432,0.0012173186987638476,0.0004982674727216363,0.0007390420651063322,0.0005436948267742991,0.001017480157315731,0.0007951909792609513,0.0013935646275058387,0.001748544629663229,0.00038184408913366497,0.0005769951967522503,0.0007554394542239606,0.002247908152639866,0.0014727854868397114,0.0008394703036174178,0.00021983784972690049,0.0014376862673088908,0.00027734102332033217,0.0017859344370663164,0.000272921402938664,0.0026669783983379602,0.00029320589965209365,0.0002889922179747373,0.0006215673056431116,0.0004772841348312795,0.0012743008555844426,0.0003694340994115919,0.008005251176655294,0.002092444105073809,0.0023354303557425733,0.0015192580176517367,0.003464518114924431,0.002682153834030032,0.0005974455270916224,0.005666097160428762,0.003419275395572185,0.0019854740239679813,0.00021087159984745083,0.003205076791346073,0.002225625328719616,2.7112628231407143e-05,2.60572833212791e-05,1.0482161997060755e-05,1.9616947611211802e-05,0.0002036047371802852,8.093930955510587e-05,9.972070256480948e-05,1.4206935702532064e-05,4.3618205381790176e-05,1.833673741202801e-05,3.2970565371215343e-05,0.000345170934451744,7.119658403098583e-05,4.983505277778022e-05,0.0005648480728268622,0.0004935593460686505,0.0005097302491776644,0.0022421744652092452,0.002609397750347853,0.0005246236105449498,0.0008782988879829644,0.004202816169708967,0.009065547026693821,0.0054403943940997115,0.01155408564954996,0.004647824913263321,0.004589267540723085,0.009109852835536005,0.008621578104794025,0.00022350157087203115,0.0001796192373149097,0.00015313600306399167,0.00022802872990723702,0.00022846703359391543,0.00029140090919099754,0.002610274357721209,0.0017883613472804425,0.0006754281930625439,0.002352753654122353,0.02324238047003746,0.027216577902436256,0.040520090609788895,0.0019005781505256887,0.029978448525071144,0.0027395659126341343,0.0016205597203224895,0.004688448738306761,0.00034439979935996234,0.0011562890140339732,0.02545160241425037,0.00046065440983511513,0.08967296034097673,0.09512319415807724,0.0008510893676429987,0.001052666804753244
26,0.002229798119515181,0.0018281866796314719,0.0015452728839591146,0.0017324769869446757,0.001545339124277234,0.0019828008953481913,0.0018318553920835254,0.0013385970378294587,0.0011519151739776134,0.0010375644778832793,0.002025017281994224,0.002450419124215841,0.0013220752589404585,0.0021287703420966864,0.0015352835180237891,0.0021039193961769342,1.3966501683171371e-05,4.0192579035647213e-05,5.6427667004754774e-05,0.000139976546051912,3.761254993150942e-05,4.144777631154284e-05,5.1905069994973026e-05,0.00014683704648632556,0.0006588883115909994,7.849386020097882e-05,0.00027725854306481784,0.0007060835487209259,0.00035388985997997224,1.4566006029781421e-05,6.044331530574709e-05,0.00025985349202528596,0.00022008680389262733,0.0001221501297550276,8.42464723973535e-05,0.00012308891746215522,0.00016999815125018358,0.0005914013599976897,0.00037805756437592214,0.00022373867977876216,0.0008725616498850286,0.00034879572922363883,0.00031851473613642156,0.0010449755936861036,0.0012173060094937682,0.0012061191955581307,0.0013310512294992805,0.0008791445288807154,0.0010128041030839086,0.0013862467603757975,0.0011975653469562528,0.0012697085039690135,0.0013004433130845428,0.0009820398408919573,0.0013829508097842336,0.002703125588595867,0.001054908032529056,0.0017365672392770648,0.0012981168692931533,0.002412352943792939,0.0017690360546112058,0.0032333265990018845,0.0037669846788048736,0.0009006118634715676,0.001297051552683115,0.0016210658941417933,0.005117757711559534,0.003291821572929621,0.0020544687286019325,0.0004591861797962338,0.0032054604962468147,0.0005822686944156885,0.0036505470052361493,0.0005786404944956303,0.005697391927242279,0.0006345175206661223,0.0006617091130465269,0.0012247860431671145,0.0012343345442786813,0.0025480701588094234,0.0010929550044238567,0.015714997425675392,0.004765646066516639,0.005104489624500275,0.0033889843616634607,0.0076392670162022105,0.005874409340322018,0.0012109684757888315,0.01209680177271366,0.0073963282629847535,0.004520805086940527,0.0004758767609018832,0.0065413746051490316,0.0049621271900832644,4.294228347134776e-05,4.137499126954936e-05,1.864218029368203e-05,4.819447713089176e-05,0.00047789851669222116,0.00014670997916255146,0.00019670036272145808,2.7046387913287617e-05,8.982988947536796e-05,3.484046828816645e-05,7.590258610434829e-05,0.000690861081238836,0.00011905797873623666,8.584833267377691e-05,0.0010687109315767882,0.0009523876942694187,0.0010625984286889434,0.004534503910690546,0.005486815236508846,0.0009733972256071868,0.0019424231722950933,0.009033105336129664,0.020795885473489758,0.012076718732714651,0.027394827455282208,0.010117676109075545,0.009947946295142174,0.021550113335251808,0.020405607298016548,0.0004205493605695665,0.00035386322997510433,0.0002983049489557743,0.0004108344437554479,0.0004475297464523464,0.0005602420424111186,0.008437963202595709,0.0054859514348208896,0.0026902758982032533,0.007477030623704195,0.08567014336585999,0.06153669208288193,0.09323160350322723,0.0055658165365457535,0.0736420676112175,0.008221698924899101,0.0048782359808683395,0.012860351242125034,0.0012233129236847162,0.003837509546428919,0.06023767590522766,0.0015819639666005971,0.2558663785457611,0.2542304694652557,0.003340594470500946,0.005058747716248035
27,0.04557016119360924,0.06301955878734589,0.04642648249864578,0.06968355923891068,0.042886465787887566,0.03954477235674858,0.05878750234842301,0.038776855915784836,0.032979588955640786,0.02695014141499996,0.055900711566209786,0.05378025397658348,0.0320851095020771,0.11438365280628204,0.044747401028871536,0.06342355161905289,0.0006165204104036093,0.0012050449149683118,0.0007134627667255701,0.001944461720995605,0.0009425993193872273,0.0008679818129166961,0.0008253086707554758,0.0025316833052784204,0.010546130128204824,0.0022238472010940318,0.00669113639742136,0.010307235643267632,0.007329703774303199,0.0007077735499478878,0.001687955460511148,0.005820848047733307,0.005422261077910662,0.003295028582215309,0.0020498489029705524,0.003247344633564353,0.004416373558342457,0.002816835418343544,0.001871636952273548,0.0013177288929000495,0.004036325495690107,0.001658567925915122,0.0015297592617571356,0.004851073957979679,0.00557578867301345,0.005718638654798268,0.006136093754321337,0.00548835564404726,0.0056729521602392205,0.006379470694810152,0.006835829000920057,0.005961133632808925,0.007317948155105114,0.006185299716889858,0.007946349680423738,0.01118250098079443,0.004831310361623764,0.007607273291796445,0.006026563234627247,0.01076463423669338,0.00731548946350813,0.014899391680955887,0.014635468833148481,0.003722242778167129,0.005362983327358961,0.010052677243947985,0.027658168226480484,0.015050338581204413,0.04031732305884361,0.0024319724179804325,0.014511406421661375,0.002903937827795744,0.02101803757250309,0.0028370909858495,0.028811393305659294,0.002940231002867222,0.002732957247644663,0.014651265926659109,0.025713540613651283,0.016155267134308815,0.0235334150493145,0.08240774273872375,0.02365852333605289,0.0280478410422802,0.015138688497245312,0.039137236773967736,0.026803800836205482,0.005890378728508949,0.05602885782718658,0.036939248442649834,0.0220076497644186,0.001961713656783104,0.03242117539048195,0.02454896457493305,0.0006361062987707554,0.000726324156858027,0.0004236017703078687,0.0008585348259657621,0.0020350473932921886,0.0010312417289242148,0.0011947562452405693,0.00021969430963508785,0.000580496562179178,0.00025017699226737017,0.0011562994914129374,0.0035179730039089922,0.0012708838330581784,0.0010168232256546617,0.006688483990728854,0.005572196561843157,0.004851566627621651,0.023883871734142303,0.07524636387825012,0.015895742923021317,0.048944927752017975,0.10064790397882463,0.1500939130783081,0.09442727267742156,0.17530980706214905,0.08043128997087479,0.08163958787918091,0.13139399886131287,0.1236032098531723,0.008265267126262188,0.007816913537681103,0.008240854367613792,0.00933380052447319,0.010182750411331655,0.010565606877207756,0.05691741034388542,0.1793694794178009,0.2007011026144028,0.09546607732772827,0.5903782844543457,0.4392173588275909,0.4450312554836273,0.10133639723062517,0.4575067758560181,0.211925745010376,0.059936556965112686,0.15598246455192566,0.1394588053226471,0.17291299998760226,0.4185810983181,0.10417887568473816,0.6032744646072388,0.6035109758377075,0.15915392339229584,0.17699472606182098
28,0.22798173129558566,0.20398300886154172,0.19708046317100525,0.202364981174469,0.1880669742822647,0.204951286315918,0.2164588123559952,0.17757563292980194,0.16740508377552032,0.15851017832756042,0.1698465198278427,0.22467540204524994,0.1661868691444397,0.2349579036235809,0.19748054444789886,0.1702718585729599,0.006027657072991133,0.013155064545571804,0.016986200585961342,0.02787191793322563,0.012103031389415264,0.013087501749396324,0.015606502071022987,0.030904229730367664,0.024403216317296028,0.00693614175543189,0.01871850155293941,0.02895383164286613,0.017336281016469002,0.002761861309409141,0.005023277830332518,0.013818634673953056,0.01485530100762844,0.009311038069427012,0.0092716533690691,0.012634272687137129,0.01237588468939066,0.10476071387529373,0.08741310983896255,0.05916691944003105,0.1185566708445549,0.08719419687986374,0.08356212824583054,0.11464595049619675,0.12575148046016693,0.11239887773990632,0.0858859270811081,0.11224338412284852,0.11151629686355592,0.13442541658878324,0.12936361134052274,0.1425393670797348,0.07635517418384552,0.09279544651508333,0.15452665090560913,0.1626112312078476,0.1215336173772812,0.15243984758853912,0.13742589950561526,0.15969519317150116,0.14571936428546906,0.16592375934123993,0.16869479417800906,0.12701787054538727,0.13461433351039884,0.16637007892131805,0.2250599712133408,0.17315509915351868,0.2850336730480194,0.08006691932678223,0.17232532799243927,0.09921956062316896,0.2020452320575714,0.10144052654504776,0.21343135833740234,0.10959558933973312,0.11754626035690308,0.20801246166229248,0.25819656252861023,0.18383553624153134,0.26914364099502563,0.2821364998817444,0.19184966385364527,0.1965318918228149,0.16230572760105133,0.2033519595861435,0.18562282621860504,0.09716152399778366,0.2536462545394897,0.21025791764259336,0.1883264631032944,0.10813173651695253,0.2222011685371399,0.1957915425300598,0.022573193535208702,0.021859314292669296,0.01001206785440445,0.026239737868309018,0.10283411294221878,0.04353199154138565,0.052635692059993744,0.022119496017694473,0.0402696467936039,0.029240936040878292,0.032838594168424606,0.0791623443365097,0.03775661438703537,0.03634969517588616,0.09670260548591614,0.12023448199033734,0.12068915367126465,0.18571212887763974,0.318505734205246,0.1523863971233368,0.2302011996507645,0.3614983856678009,0.4191031157970429,0.3966436982154846,0.4415729343891144,0.3954129219055176,0.3918110728263855,0.4325901567935944,0.4322434067726135,0.08314556628465652,0.07160881906747818,0.0573747418820858,0.07322049885988235,0.09625846892595293,0.11967741698026654,0.09389429539442062,0.3400423526763916,0.19817085564136505,0.35827872157096863,0.513757586479187,0.5092689394950867,0.5066332817077637,0.3829517066478729,0.5074040889739989,0.3902831077575684,0.337528795003891,0.4068122208118439,0.16676336526870728,0.2925498783588409,0.4806937575340271,0.22104406356811526,0.6249808073043823,0.6124633550643921,0.19286121428012848,0.2791831493377685
29,0.5594181418418884,0.612255334854126,0.5829677581787109,0.6206761002540588,0.5737681388854979,0.5621797442436218,0.5914023518562317,0.5855956673622131,0.5796881914138794,0.5736605525016785,0.6141086220741272,0.5882204174995422,0.5693721771240234,0.6449888348579407,0.5814744234085083,0.6127601265907288,0.2191106677055359,0.2715258002281189,0.20773209631443024,0.2412852048873901,0.2409055233001709,0.22635118663311005,0.23208563029766086,0.3171990215778351,0.2398343533277512,0.14853709936141968,0.2611806988716125,0.3616000413894653,0.23585091531276706,0.10245799273252487,0.10255483537912367,0.2200120240449905,0.2359094023704529,0.18171265721321106,0.1767207682132721,0.21161331236362454,0.21488367021083832,0.3415416181087494,0.3382461965084076,0.30087515711784363,0.3339408040046692,0.3446164131164551,0.343012273311615,0.3256398141384125,0.3408381938934326,0.3201946020126343,0.2822641134262085,0.3560780882835388,0.3337427675724029,0.34725654125213623,0.3656593859195709,0.375255286693573,0.2474604398012161,0.3182698786258697,0.38576409220695496,0.3744634687900543,0.3360929489135742,0.3876256942749024,0.3875744044780731,0.3840611875057221,0.3658284842967987,0.4057974517345429,0.36759114265441895,0.3863251507282257,0.3717082440853119,0.4043424725532532,0.42198675870895386,0.3694670796394348,0.5667903423309326,0.3112073242664337,0.36709582805633545,0.3276078999042511,0.3923795819282532,0.33330321311950684,0.3946443498134613,0.34789419174194336,0.364982545375824,0.4836170971393585,0.556509792804718,0.4231975674629211,0.5652775168418884,0.4545955955982208,0.431937575340271,0.4623345732688904,0.3819837272167206,0.4615613222122192,0.4048502743244171,0.3007797300815582,0.4360737800598145,0.4344686567783356,0.4186741411685944,0.3779243230819702,0.3828219473361969,0.4091273248195648,0.1798846423625946,0.18742209672927854,0.1534188985824585,0.2803573906421661,0.3715362250804901,0.2707041800022125,0.2895616590976715,0.20993806421756744,0.2819946706295013,0.2381152510643005,0.2697805166244507,0.2983188331127167,0.240620881319046,0.24570539593696594,0.3197382092475891,0.3625509440898895,0.3291360735893249,0.3888532817363739,0.5406959652900696,0.4432900846004486,0.5526834726333618,0.5457436442375183,0.5480535626411438,0.5511885285377502,0.5607771277427673,0.5519832968711853,0.5519430637359619,0.5497479438781738,0.5505944490432739,0.39054036140441895,0.3809040188789368,0.3452572226524353,0.3724669516086577,0.4187478423118591,0.43347299098968506,0.4187335968017578,0.6792738437652588,0.6853839755058289,0.5996935963630676,0.7197793126106262,0.6207312345504761,0.6395916938781738,0.6017066240310669,0.6601043939590454,0.6853029131889343,0.574316680431366,0.6089361906051636,0.6750278472900391,0.689994215965271,0.6360882520675659,0.6686819195747375,0.7261672616004944,0.7169375419616699,0.7084736824035645,0.7359589934349059
30,0.6807329058647156,0.7225475311279297,0.6997267603874207,0.7224200963973999,0.6845495700836182,0.6734104752540588,0.7048004865646362,0.7136804461479187,0.6869186758995056,0.6878246068954468,0.7294593453407288,0.7175598740577698,0.6631335020065308,0.7305561900138855,0.7041775584220886,0.7317466735839844,0.4250347912311554,0.47735741734504705,0.3035449087619781,0.3862197399139404,0.39508891105651855,0.35333263874053955,0.3297998309135437,0.5366320013999939,0.3587963879108429,0.28801512718200684,0.3593771159648895,0.4080691039562225,0.3409571051597595,0.3946629166603088,0.2617638409137726,0.3303099870681763,0.3397310674190521,0.30701208114624023,0.3076076805591583,0.3279266357421875,0.32764339447021484,0.44949349761009216,0.4281239807605744,0.42443227767944336,0.4614483416080475,0.4193866550922394,0.41617968678474426,0.4990750253200531,0.5356249213218689,0.5385158658027649,0.4792828261852264,0.6189233064651489,0.6062204241752625,0.5779752135276794,0.6216710209846497,0.5831122994422913,0.5238307714462279,0.6079570651054382,0.6124053597450256,0.5459583401679993,0.5016442537307739,0.5211639404296875,0.5298358201980591,0.542182981967926,0.5531832575798035,0.5573679208755493,0.5594311356544495,0.5052399635314941,0.52348393201828,0.5737830996513367,0.5989781618118286,0.5899816155433655,0.6944115161895752,0.4239450693130493,0.5892477631568909,0.4398858845233917,0.6166604161262512,0.44450607895851135,0.6103957295417786,0.4544757902622223,0.4591608941555023,0.6477319598197937,0.6853163242340088,0.6318650841712952,0.687967836856842,0.6066548228263855,0.5745996832847595,0.5764514803886414,0.5584281086921692,0.5923687815666199,0.579751193523407,0.5425274968147278,0.6007834076881409,0.5951634049415588,0.5723518133163452,0.4487856924533844,0.6262784004211426,0.5764284729957581,0.3510318398475647,0.3801553547382355,0.3373406529426575,0.5158936977386475,0.4463433623313904,0.3892334997653961,0.4172726571559906,0.3133810758590698,0.3388206660747528,0.3331266939640045,0.5179373621940613,0.45896261930465704,0.4268979728221893,0.430107057094574,0.6106691956520081,0.6191542148590088,0.4948939979076386,0.6229704022407532,0.6470571160316467,0.5614744424819946,0.6217965483665466,0.6366833448410034,0.6285547018051147,0.6228663921356201,0.6333532929420471,0.6258934140205383,0.6249631643295288,0.6262233853340149,0.6253882646560669,0.5222283005714417,0.5229420661926271,0.5513324737548828,0.5456301569938661,0.5321975946426392,0.5344220995903015,0.4929517805576325,0.75274658203125,0.8018998503684998,0.6950768828392029,0.7671217918395996,0.712998628616333,0.7162524461746216,0.710779070854187,0.7253521680831909,0.7505483627319336,0.6813888549804688,0.6979323029518127,0.7909103035926819,0.7647169828414917,0.7208793759346008,0.76155024766922,0.7448434233665466,0.7334354519844055,0.7507553696632385,0.774612307548523
31,0.7596184611320496,0.8042593598365784,0.7833377718925476,0.809683084487915,0.7776000499725342,0.7539041042327881,0.7882140874862671,0.7945080995559692,0.7797642946243286,0.7772646546363831,0.8081395030021667,0.7884706854820251,0.7646238803863525,0.8195095658302307,0.7846122980117798,0.8061498999595642,0.6870607733726501,0.7424441576004028,0.6539814472198486,0.679010272026062,0.7273337841033936,0.710412859916687,0.684883713722229,0.7452132105827332,0.6248327493667603,0.6122110486030579,0.6422566175460815,0.6559662222862244,0.6296047568321228,0.6154994964599609,0.6028510332107544,0.6292770504951477,0.6371516585350037,0.623625636100769,0.6098465323448181,0.6213462948799133,0.6318983435630798,0.6591156721115112,0.6478817462921143,0.642620325088501,0.6541752219200134,0.6052230596542358,0.6033152341842651,0.671718955039978,0.6788427829742432,0.6818227171897888,0.6549542546272278,0.7151076197624207,0.7081478834152222,0.6959192752838135,0.7167025208473206,0.6984256505966187,0.6793735027313232,0.7082984447479248,0.7140668034553528,0.6493677496910095,0.6694172024726868,0.6475238204002379,0.6709702014923096,0.648961067199707,0.67626953125,0.6363268494606018,0.6510227918624878,0.6715652346611023,0.6696259379386902,0.685434103012085,0.6796152591705322,0.6850407719612122,0.7716527581214905,0.6773805618286133,0.685253918170929,0.6626777052879333,0.7036086916923523,0.6610310673713684,0.6934341788291931,0.6578670740127563,0.6364174485206604,0.7403785586357117,0.7713881731033325,0.7216366529464722,0.7773855924606323,0.6618236899375916,0.6423851847648621,0.6448984146118164,0.6580604314804077,0.6395263075828552,0.6413539052009583,0.6844441294670105,0.6563754081726074,0.6471396088600159,0.6446250081062317,0.6302928328514099,0.7100056409835815,0.6543264985084534,0.6259227991104126,0.6373903155326843,0.5780890583992004,0.6813476085662842,0.6584504246711731,0.5851206779479979,0.6179831624031067,0.5952454209327698,0.568286120891571,0.6104943156242371,0.7029349207878113,0.6758955717086792,0.6854842901229858,0.6850267052650452,0.7091044187545776,0.715117871761322,0.6674056649208069,0.7091420292854309,0.658700168132782,0.6624898910522461,0.7502069473266602,0.6494649648666382,0.6438828110694885,0.6452106833457947,0.6372963786125183,0.6452890634536743,0.6458923816680908,0.6409919261932373,0.640776515007019,0.6779438853263855,0.6856958270072937,0.702981173992157,0.6918259859085083,0.667651355266571,0.6563580632209778,0.7209136486053467,0.7947772145271301,0.8496226072311401,0.7630364298820496,0.8053932189941406,0.7441565990447998,0.7411553859710693,0.7707026600837708,0.7604515552520752,0.7933542132377625,0.7474184036254883,0.7600169181823729,0.8415476679801941,0.8033807873725891,0.7533975839614868,0.8024070858955383,0.7734637260437012,0.7647918462753296,0.8052067756652832,0.8272977471351624
32,0.791355550289154,0.833302915096283,0.8140466213226318,0.8345362544059753,0.8060087561607361,0.7942960262298584,0.8112656474113464,0.8324476480484009,0.8151776194572449,0.8181372880935669,0.8510408401489258,0.8251760005950928,0.8028464913368225,0.8428014516830444,0.8172789216041565,0.8523749113082886,0.8057968020439148,0.7876481413841248,0.7376874089241028,0.7443363666534424,0.7728715538978577,0.7621382474899292,0.7561157345771791,0.7671909928321838,0.6599807143211365,0.6671965718269348,0.6619929075241089,0.7149297595024109,0.6559748649597168,0.7718312740325928,0.6859325766563416,0.6567735075950623,0.660608172416687,0.6681117415428162,0.6526647210121155,0.6619318723678589,0.6642124056816101,0.6406318545341492,0.6361316442489624,0.6449493169784546,0.6402463316917419,0.6187760233879089,0.6201069355010986,0.6527698040008545,0.6610630750656128,0.6604942083358765,0.6458343267440796,0.7035514712333679,0.6926091313362122,0.6793885827064514,0.703757107257843,0.6870312094688416,0.6444976925849915,0.6819025874137878,0.7031845450401306,0.6413362622261047,0.6518509984016418,0.6417400240898132,0.6598767638206482,0.6421372294425964,0.6624698042869568,0.6369811296463013,0.6420242786407471,0.6567249894142151,0.6547601222991943,0.6733213067054749,0.6752799153327942,0.6773589849472046,0.7595853805541992,0.6557189226150513,0.6772163510322571,0.6421027779579163,0.7008519172668457,0.6413378119468689,0.6903687119483948,0.6408033967018127,0.6312057375907898,0.7298242449760437,0.7569197416305542,0.7115328907966614,0.7648878693580627,0.6569364666938782,0.6453198194503784,0.6484754681587219,0.6486303806304932,0.6518151164054871,0.6488254070281982,0.6574528217315674,0.651201605796814,0.6567919254302979,0.6443652510643005,0.6291441917419434,0.6949260234832764,0.6503151059150696,0.6912552118301392,0.7071788907051086,0.7186043858528137,0.7552794218063354,0.6406052112579346,0.6245531439781189,0.6393650770187378,0.6698524951934814,0.6202868223190308,0.6637253761291504,0.7435919046401978,0.6563058495521545,0.6892989873886108,0.6990498900413513,0.6806516051292419,0.7039414644241333,0.6494193077087402,0.7001377940177917,0.6572065949440002,0.6528950929641724,0.7438144683837891,0.6427814960479736,0.6377766132354736,0.6366583108901978,0.6374242901802063,0.6369526386260986,0.6362128257751465,0.6380860209465027,0.6383800506591797,0.6565290689468384,0.6584705114364624,0.6744647622108461,0.6659651398658752,0.6421563029289246,0.6427096724510193,0.7463013529777527,0.793216347694397,0.8479411602020264,0.7632104158401489,0.7885392308235168,0.7536667585372925,0.7551543712615967,0.7746866941452026,0.7616592049598694,0.7926954627037048,0.7460682988166809,0.7684684991836548,0.8390074372291565,0.7997679114341736,0.7605194449424744,0.8027367591857909,0.7763161659240723,0.7709414958953857,0.814848780632019,0.8476850390434265
33,0.7482782006263733,0.799480676651001,0.7764506936073303,0.8026388883590698,0.7652547955513,0.7507913708686829,0.7733691334724426,0.7987663745880127,0.7789434194564819,0.7825999855995178,0.822473406791687,0.7887377738952637,0.7609544396400452,0.8123051524162292,0.7804393172264099,0.8225285410881042,0.7954002618789673,0.7706522345542908,0.7328044772148132,0.7299979925155641,0.7589156627655029,0.7524271011352539,0.7488990426063538,0.760716438293457,0.6714907884597778,0.6659849286079407,0.6576067209243774,0.7070299983024597,0.661378026008606,0.7097158432006836,0.6818718314170837,0.6574020385742188,0.6577810645103455,0.6636658906936646,0.6512869000434875,0.6562482714653015,0.66002357006073,0.6568116545677185,0.6591237783432007,0.6730291247367859,0.6536600589752197,0.6411800980567932,0.6430765390396118,0.6696764230728149,0.6806548833847046,0.686761736869812,0.6501932740211487,0.7319190502166748,0.7223736643791199,0.7041426301002502,0.731174111366272,0.7055351734161377,0.6695391535758972,0.7211146950721741,0.7251449227333069,0.651036262512207,0.6679666042327881,0.6533054113388062,0.6732814311981201,0.6535570025444031,0.6798203587532043,0.6522627472877502,0.6496238708496094,0.6722133159637451,0.6699188351631165,0.6858923435211182,0.6786839962005615,0.6913478970527649,0.7742405533790588,0.6780846118927002,0.6918079853057861,0.6596068739891052,0.7111190557479858,0.6588649749755859,0.698458731174469,0.6563954949378967,0.6485187411308289,0.7463034987449646,0.7734246850013733,0.7307264804840088,0.7838367223739624,0.6593528389930725,0.6559408903121948,0.6610572338104248,0.6571471691131592,0.6573088765144348,0.6504346132278442,0.689824104309082,0.6574171781539917,0.656575620174408,0.654882550239563,0.6494029760360718,0.7118147015571594,0.6572362780570984,0.7093915939331055,0.7120892405509949,0.7143692970275879,0.7533791661262512,0.6607218384742737,0.658270001411438,0.6687970757484436,0.7115600705146791,0.661674439907074,0.706643283367157,0.7374629378318787,0.6762073040008545,0.7102123498916626,0.7164236903190613,0.7210460305213928,0.7317955493927002,0.6646473407745361,0.7135604619979858,0.6556242108345032,0.6617578864097595,0.7386370301246643,0.6461257934570312,0.6364061832427979,0.6404830813407898,0.6334561705589294,0.6416316032409668,0.6419978141784668,0.6349296569824219,0.6351697444915771,0.6633483171463013,0.665794312953949,0.674973726272583,0.6703750491142273,0.6599621772766113,0.6529044508934021,0.793537974357605,0.800638735294342,0.8347849845886229,0.776081383228302,0.8016500473022461,0.7560524344444275,0.7588574886322021,0.7787186503410339,0.7696725726127625,0.7977907061576843,0.7591289281845093,0.7722360491752625,0.8172721266746521,0.8034808039665222,0.7657467722892761,0.7976782917976379,0.8079866170883179,0.7995992302894592,0.8306412100791931,0.8578643798828125
34,0.827839732170105,0.8558777570724487,0.8508540391921997,0.8549777865409851,0.8418059349060059,0.8311730027198792,0.8487527966499329,0.8589652776718141,0.8503366112709045,0.8523854613304138,0.861738920211792,0.8570998311042786,0.8375890851020813,0.859902024269104,0.8526458144187927,0.863132119178772,0.8574145436286926,0.836582362651825,0.7944194078445435,0.792502224445343,0.8278145790100098,0.820042610168457,0.8100141286849976,0.8180286884307861,0.7202919125556946,0.7228376865386963,0.7130884528160095,0.7490567564964294,0.7163900136947632,0.7856783866882324,0.7367835044860841,0.7162246108055115,0.7136020064353943,0.7215791940689087,0.7064779996871948,0.7064815759658813,0.7166730761528015,0.6843690872192383,0.6880005598068237,0.7110443115234375,0.6786572933197021,0.666084349155426,0.6694998741149902,0.691967785358429,0.6996167302131653,0.7091843485832214,0.6929810047149658,0.7429117560386658,0.7360838055610657,0.7192553877830505,0.7405774593353271,0.7198262810707092,0.7186938524246216,0.7395362854003906,0.7331449389457703,0.6723456382751465,0.6887285113334656,0.6742101311683655,0.6923962235450745,0.6737643480300903,0.694857120513916,0.6624588370323181,0.670049250125885,0.6932730674743652,0.6883547306060791,0.7053588628768921,0.694972038269043,0.7023919224739075,0.7762486338615417,0.7103665471076965,0.7028116583824158,0.6888913512229919,0.7219353318214417,0.686974823474884,0.7098823785781859,0.682142436504364,0.6725706458091736,0.7501209378242493,0.7760185003280641,0.7367081046104431,0.7862064838409424,0.6686332821846008,0.6650814414024353,0.667197048664093,0.6769580841064453,0.6612858176231384,0.6610081791877747,0.7146650552749634,0.6666477918624878,0.6654630303382874,0.6667875647544861,0.6708771586418152,0.7254558205604553,0.6737506985664368,0.7483581304550171,0.7557095289230347,0.7578026652336121,0.7779034376144409,0.6836056709289551,0.7005596160888672,0.7088178396224976,0.729034960269928,0.6936739087104797,0.7264819741249084,0.7773309350013733,0.7091421484947205,0.745663046836853,0.7504958510398865,0.7397398352622986,0.7408315539360046,0.6862724423408508,0.7255215048789978,0.6735150814056396,0.6644644737243652,0.7273339629173279,0.6567345261573792,0.6381467580795288,0.6382072567939758,0.635683536529541,0.6413017511367798,0.641953706741333,0.632247269153595,0.6314645409584045,0.675022304058075,0.6769886612892151,0.6903343200683594,0.6863403916358948,0.661928653717041,0.6549689173698425,0.7776908278465271,0.840349018573761,0.8773351311683655,0.8145198225975037,0.8362128734588623,0.79931640625,0.7981523275375366,0.8231090903282166,0.8112514019012451,0.8388654589653015,0.8043554425239563,0.8125026822090149,0.8718206286430359,0.8463055491447449,0.8070349693298341,0.8466634154319763,0.8024775981903076,0.796544075012207,0.8475474715232849,0.8721469640731812
35,0.8318038582801819,0.8691921830177307,0.854061484336853,0.8699089884757996,0.846538782119751,0.8339136242866516,0.85370934009552,0.867125391960144,0.8526059985160828,0.8547111749649048,0.8817563056945801,0.8645597696304321,0.8402659893035889,0.8758105039596558,0.8564423322677612,0.8829347491264343,0.8419861197471619,0.8336023688316345,0.7876378297805786,0.7995893955230713,0.8256248235702515,0.8188620209693909,0.8063756823539734,0.8292387127876282,0.7091153264045715,0.7110817432403564,0.7041519284248352,0.7600777745246887,0.702953577041626,0.7946169376373291,0.7217608690261841,0.703130841255188,0.7043744325637817,0.7136921882629395,0.6819285154342651,0.691599428653717,0.7085834741592407,0.7159386277198792,0.7152236104011536,0.7328945398330688,0.7137529850006104,0.6996785998344421,0.7001333236694336,0.7288525700569153,0.7412662506103516,0.7484034895896912,0.7256999015808105,0.7789115309715271,0.7730368971824646,0.7593608498573303,0.7772579193115234,0.7605017423629761,0.7528738379478455,0.7753345370292664,0.7721942067146301,0.7036502957344055,0.7253598570823669,0.7032383680343628,0.7283822298049927,0.7032486796379089,0.7363268136978149,0.6918779015541077,0.7036224603652954,0.7272939682006836,0.726523220539093,0.7400152087211609,0.7377544045448303,0.7456248998641968,0.8106590509414673,0.7443245649337769,0.7458275556564331,0.7189880013465881,0.7622689604759216,0.7173132300376892,0.7536362409591675,0.7151373624801636,0.7062374949455261,0.7865833044052124,0.8092694282531738,0.7756159901618958,0.8165828585624695,0.7109827995300293,0.6942514777183533,0.6928415894508362,0.7100786566734314,0.6876113414764404,0.69351726770401,0.753543496131897,0.705001711845398,0.6963592767715454,0.6967246532440186,0.7028824687004089,0.7662631273269653,0.7048948407173157,0.7618756294250488,0.7700914740562439,0.7692382335662842,0.7991904020309448,0.714583158493042,0.713394045829773,0.7272874116897583,0.7413156628608704,0.6959831118583679,0.7376372814178467,0.7952185869216919,0.7446305751800537,0.7692728042602539,0.7710477113723755,0.7754459381103516,0.7774426937103271,0.7220720648765564,0.7660961747169495,0.691259503364563,0.7160250544548035,0.7845668196678162,0.6605937480926514,0.6430729627609253,0.6381007432937622,0.6418414711952211,0.6365303993225098,0.6367388963699341,0.6388369798660278,0.6377399563789368,0.7352806925773621,0.7406469583511353,0.7555578947067261,0.7481727600097656,0.7121227383613586,0.6974024176597595,0.7756039500236511,0.836712121963501,0.8818284273147583,0.7965002059936523,0.8398840427398682,0.7776353359222412,0.7740738987922668,0.8076943159103394,0.7933976650238037,0.8340675830841064,0.7837569713592529,0.793308436870575,0.8761674165725708,0.8468871116638184,0.7859009504318237,0.8469400405883789,0.8123945593833923,0.8073946237564087,0.8555927276611328,0.8774037361145021
36,0.7952029705047607,0.8477995991706848,0.8297514319419861,0.8478494882583618,0.8167756199836731,0.7983741760253906,0.8262832760810852,0.8465601205825806,0.8298057913780212,0.8330639600753784,0.8617474436759949,0.8427777290344238,0.8083497881889343,0.8533604741096497,0.8333519697189331,0.8633584380149841,0.8472725152969359,0.8116120100021362,0.7644498348236084,0.7643302083015442,0.7977543473243713,0.785162627696991,0.7722184658050537,0.7820490002632141,0.6953579187393188,0.6969180703163147,0.6903342604637146,0.7303354740142822,0.6924285292625427,0.8106873631477356,0.7049004435539246,0.6917940378189087,0.6912909150123596,0.6967589259147644,0.6871035099029541,0.6892513036727905,0.6943925619125366,0.6798989176750183,0.6812235116958618,0.6896841526031494,0.6765851974487305,0.6746930480003357,0.6759383082389832,0.6846316456794739,0.6921961903572083,0.6961392760276794,0.68082594871521,0.730770468711853,0.7213770151138306,0.7051123976707458,0.7283601164817809,0.7080893516540527,0.6993681192398071,0.7251845598220825,0.7225006222724915,0.6717836260795593,0.682917058467865,0.6756962537765503,0.6878966093063354,0.6740151047706604,0.6904271245002747,0.6705414652824402,0.6689093708992004,0.6873810291290283,0.68458092212677,0.6985207200050354,0.6935991048812866,0.6986020803451538,0.7769744992256165,0.6903557181358337,0.6987084746360779,0.6799326539039612,0.7136653661727905,0.6799466013908386,0.7057359218597412,0.6797410845756531,0.6766248345375061,0.7456037402153015,0.7770327925682068,0.7282677888870239,0.7871077656745911,0.6724092364311218,0.6713821291923523,0.6745375394821167,0.6754505634307861,0.6708385348320007,0.6664639115333557,0.6991392970085144,0.6696721315383911,0.6696594953536987,0.6709177494049072,0.6782971024513245,0.7183540463447571,0.6722507476806641,0.7309447526931763,0.7407106757164001,0.7542849779129028,0.7866482734680176,0.6833130121231079,0.6806062459945679,0.6869512796401978,0.7200928330421448,0.68321293592453,0.7142618894577026,0.7739617824554443,0.6909373998641968,0.7274792790412903,0.7341820001602173,0.7254557013511658,0.7283963561058044,0.6808204650878906,0.717417299747467,0.6653964519500732,0.675703227519989,0.7471367716789246,0.6556469202041626,0.6492460370063782,0.649935245513916,0.6474484205245972,0.6488457918167114,0.6495941877365112,0.6475602388381958,0.647068202495575,0.6850225925445557,0.6904793381690979,0.710875391960144,0.6996472477912903,0.6778454780578613,0.6687597632408142,0.8008666038513184,0.8003045916557312,0.8632952570915222,0.7611334323883057,0.808196485042572,0.7574034929275513,0.7580468654632568,0.7710822224617004,0.7671492099761963,0.7999874353408813,0.7480738759040833,0.7594175338745117,0.8554090261459351,0.8118069171905518,0.7635149359703064,0.8111450672149658,0.8026317358016968,0.7977949380874634,0.8479042053222656,0.8734166622161865
37,0.7255373001098633,0.7520098090171814,0.7372344732284546,0.7529304623603821,0.7326660752296448,0.7257143259048462,0.7371892333030701,0.7480855584144592,0.7340660691261292,0.735992968082428,0.7644172310829163,0.7481179237365723,0.7320324182510376,0.7630165219306946,0.7393544912338257,0.7682176828384399,0.8035534620285034,0.7800700664520264,0.7357494235038757,0.7344338297843933,0.7648510932922363,0.751189112663269,0.7452323436737059,0.7542212009429932,0.7035011649131775,0.7137311100959778,0.702838659286499,0.7421528697013855,0.7018918395042419,0.7857536673545837,0.7285493016242981,0.7027309536933899,0.7037516236305237,0.7128502130508423,0.6901764869689941,0.7002838850021362,0.7078105211257935,0.640466570854187,0.6343472003936768,0.6366228461265564,0.6434913873672485,0.6332222819328308,0.6333865523338318,0.657313346862793,0.6651415824890137,0.6683662533760071,0.6512138843536377,0.7020317316055298,0.697124183177948,0.6871448755264282,0.7071212530136108,0.6894097328186035,0.6715049147605896,0.6979628801345825,0.7057201862335205,0.6558276414871216,0.6564148664474487,0.6510461568832397,0.6562607288360596,0.6553446650505066,0.6709904670715332,0.6542103290557861,0.6572619676589966,0.65545654296875,0.6594522595405579,0.6614261269569397,0.6798650026321411,0.6869814991950989,0.7545685768127441,0.6508703827857971,0.6871976852416992,0.6416113376617432,0.7083101272583008,0.6408836841583252,0.7031841278076172,0.6412020325660706,0.6406065821647644,0.7221097350120544,0.7384145855903625,0.7246901392936707,0.7474347352981567,0.6693593859672546,0.6535080671310425,0.6462311744689941,0.6588168144226074,0.6458409428596497,0.6551716327667236,0.6721627712249756,0.6609143018722534,0.6545352935791016,0.6558256149291992,0.6375390291213989,0.7257415056228638,0.6581671833992004,0.6483979225158691,0.6621668934822083,0.6593954563140869,0.7128731608390808,0.639114499092102,0.6202232837677002,0.6310396790504456,0.6348212957382202,0.6185085773468018,0.6340633630752563,0.7071969509124756,0.654791533946991,0.6600314378738403,0.6620455980300903,0.7000632286071777,0.7023770213127136,0.6539347171783447,0.72017902135849,0.6333000659942627,0.6243100166320801,0.7077516913414001,0.5835831761360168,0.5207889676094055,0.5281732678413391,0.5095469951629639,0.5299379229545593,0.5330693721771239,0.5053602457046509,0.5043673515319824,0.6362140774726868,0.6379695534706116,0.6448469161987305,0.6387231945991516,0.6201266050338745,0.6253443956375122,0.7766626477241516,0.7448676228523254,0.7825395464897156,0.7236450314521791,0.7616347074508667,0.7140486836433411,0.7051601409912109,0.7262045741081238,0.7207185626029968,0.7431738972663879,0.7154431939125061,0.7234525084495544,0.7765217423439026,0.7552859783172607,0.7167647480964661,0.7521758675575256,0.8170686960220337,0.8118306994438171,0.8136603832244873,0.8469268083572388
38,0.5212638974189758,0.5366115570068359,0.5298575758934021,0.5329433083534241,0.5264290571212769,0.5271030664443971,0.5286131501197815,0.5345960855484009,0.527105450630188,0.528269350528717,0.5479875802993774,0.5460578203201294,0.5272979736328125,0.5325189232826233,0.5311374068260193,0.5485093593597412,0.5010591149330139,0.5182220935821533,0.47440490126609797,0.493931919336319,0.5148356556892395,0.5104091763496399,0.4894499778747559,0.5144083499908447,0.5260124802589417,0.512186586856842,0.5113751888275146,0.5269174575805664,0.5185647010803223,0.5264548659324646,0.5158570408821106,0.5164493918418884,0.5122677087783813,0.5135844349861145,0.5015370845794678,0.4995271563529968,0.5123547911643982,0.4619592130184174,0.461915671825409,0.4720123708248138,0.4644263088703156,0.4525055885314941,0.4526208341121674,0.4713007509708405,0.4687641263008118,0.4801781177520752,0.4935727417469025,0.4829913079738617,0.4839600026607514,0.4717007875442505,0.4807595014572144,0.4611464440822601,0.5080860853195189,0.4944336414337158,0.468821257352829,0.44360485672950745,0.4664037525653839,0.4337821900844574,0.44211289286613453,0.4361956715583801,0.4597726762294769,0.4301595091819763,0.4504692852497101,0.4458628594875336,0.4557271301746368,0.4311698973178864,0.4318061769008637,0.4530450403690338,0.4895424842834473,0.4746586084365845,0.4539144635200501,0.467180073261261,0.4529001116752625,0.4650024771690369,0.4517271518707275,0.45979958772659296,0.449935108423233,0.4747595489025116,0.4862641394138336,0.4748430848121643,0.4871833622455597,0.4375937283039093,0.4264925122261048,0.4009184539318085,0.4427364468574524,0.409049779176712,0.4410926997661591,0.4891029894351959,0.4416312277317047,0.4291430413722992,0.43130001425743103,0.4410728812217712,0.4768063724040985,0.4362543225288391,0.4753252267837525,0.4801909625530243,0.4751021862030029,0.4942229092121124,0.4488970041275024,0.4775139093399048,0.4749853312969208,0.4478992819786072,0.4571450352668762,0.4464195966720581,0.4967412352561951,0.4835537374019623,0.48147729039192205,0.4779402911663056,0.4953663945198059,0.4796966910362244,0.4677186012268066,0.4699118137359619,0.3832331299781799,0.3920632302761078,0.4085017442703247,0.3605653345584869,0.3167120814323425,0.3129206597805023,0.3008396625518799,0.30927619338035583,0.3125531077384949,0.2970554232597351,0.2947717607021332,0.4200236201286316,0.4214276969432831,0.4363270699977875,0.431950718164444,0.37715038657188416,0.3859238624572754,0.5272858738899231,0.4945206046104431,0.4911913871765137,0.4742304086685181,0.5077702999114989,0.5021082162857056,0.4890339374542236,0.4918354749679565,0.4969378709793091,0.5067141652107239,0.4707826972007752,0.4805673658847809,0.4938912987709045,0.4961043894290924,0.4934399724006653,0.4918232262134552,0.5161372423171997,0.5188282132148743,0.5543313026428223,0.5445895195007324
39,0.4292632937431336,0.4689269363880158,0.4560406506061554,0.464500904083252,0.4407983720302582,0.4357612133026123,0.4559221565723419,0.4648318886756897,0.4441693723201752,0.4456131756305695,0.4830275774002075,0.4807834029197693,0.42948555946350103,0.4620488882064819,0.4589345157146454,0.4696644246578217,0.3903816938400269,0.4018909931182861,0.3509092032909393,0.39780578017234797,0.38751858472824097,0.38339924812316895,0.3691675364971161,0.4098063409328461,0.4573733806610107,0.43462204933166493,0.4369223415851593,0.4838641583919525,0.4465045928955078,0.4517163336277008,0.4428185224533081,0.4436415433883667,0.4383343160152435,0.440129816532135,0.4089595973491669,0.4139149487018585,0.4386657774448395,0.31008705496788025,0.29834139347076416,0.3281826674938202,0.3201088905334473,0.2645336985588074,0.2641700804233551,0.3487209379673004,0.3543489873409271,0.3804737031459808,0.4003275632858277,0.4092133939266205,0.4104558229446411,0.3695195019245148,0.4060418903827667,0.3537730872631073,0.44156375527381897,0.4277065396308899,0.3673823177814484,0.31124264001846313,0.3388004004955292,0.2831366956233978,0.3061408996582031,0.29495081305503845,0.34412238001823425,0.281250536441803,0.32813429832458496,0.3028084337711334,0.3273284137248993,0.29862308502197266,0.312628835439682,0.3473957180976868,0.3333838880062103,0.3516800105571747,0.3487690687179565,0.3234516680240631,0.3518091142177582,0.3174853324890137,0.3507880568504333,0.3055224716663361,0.2828956544399261,0.3398101627826691,0.3244518637657165,0.3747332692146301,0.3255368173122406,0.33469489216804504,0.2859031558036804,0.27261874079704285,0.3205479681491852,0.2821227312088013,0.3088484108448029,0.4060906767845154,0.330009400844574,0.3022994101047516,0.2934675216674805,0.2548176348209381,0.3974143862724304,0.3093138635158539,0.3804042041301727,0.3933539986610413,0.3877350687980652,0.3741347193717957,0.2786117494106293,0.32337337732315063,0.33004462718963623,0.26414754986763,0.2607117891311645,0.25605350732803345,0.3945833444595337,0.3819339871406555,0.3957776427268982,0.38317635655403137,0.42940369248390203,0.4012820720672608,0.3394320905208588,0.3838791847229004,0.3143621385097504,0.304725706577301,0.2518486976623535,0.2985072433948517,0.2584994435310364,0.24756191670894626,0.2450002729892731,0.24058550596237185,0.2437343448400497,0.23823228478431704,0.23518723249435425,0.3145870566368103,0.3094030022621155,0.30883318185806274,0.3159787952899933,0.27747660875320435,0.29655250906944275,0.4234356582164765,0.4508416056632996,0.4598071873188019,0.4142310321331024,0.4678924083709717,0.4250974357128143,0.4032886028289795,0.4389218986034393,0.4245027303695679,0.4589283764362335,0.4054441154003143,0.4166052043437958,0.4609130322933197,0.4538275301456451,0.4145113527774811,0.4506142735481262,0.4189054071903229,0.43410778045654297,0.4623281955718994,0.4593001306056976
40,0.5078516602516174,0.5240390896797179,0.5209977030754089,0.5219138860702515,0.5193741917610168,0.5143870115280151,0.5199121832847595,0.5240359306335449,0.5205752849578857,0.5215288400650024,0.5427185893058777,0.5302004218101501,0.5201245546340942,0.5207206010818481,0.5216111540794373,0.5355526804924011,0.5206415653228761,0.5214356780052185,0.507703959941864,0.5203646421432495,0.5153784155845642,0.5148604512214661,0.5109638571739197,0.519594669342041,0.4696917831897736,0.4424397349357605,0.44340842962265015,0.4983329176902771,0.4557052552700043,0.5418397784233093,0.4582134187221527,0.4505618214607239,0.4460033476352692,0.4486418664455414,0.4135479629039765,0.419131338596344,0.44711995124816895,0.4528384804725647,0.4512524902820587,0.4679553806781769,0.4548008739948273,0.4398620426654816,0.4399402439594269,0.4629211723804474,0.4644359946250916,0.4714807569980621,0.4686867892742157,0.4922100603580475,0.4900413155555725,0.4760921895503998,0.4918219149112701,0.4715240597724914,0.4899058341979981,0.492113322019577,0.4879090189933777,0.4381846785545349,0.4600759446620941,0.4295386373996735,0.43727877736091614,0.4290935695171356,0.4571707546710968,0.41160598397254944,0.4447071254253388,0.4436778724193573,0.451558917760849,0.4068621397018433,0.406135618686676,0.4509814977645874,0.4826124608516693,0.4688193798065186,0.4530985951423645,0.4579842388629913,0.4574391543865204,0.455805629491806,0.4451451003551483,0.4508748650550842,0.4419216215610504,0.477780282497406,0.4787074625492096,0.4904907047748566,0.4780742228031158,0.4195859134197235,0.3971457779407501,0.36979317665100103,0.43588072061538696,0.3750849366188049,0.4244992434978485,0.4779639840126038,0.4244597554206848,0.40123867988586426,0.4092361032962799,0.4340069890022278,0.487121194601059,0.4196249842643738,0.4892648160457611,0.4935854375362396,0.4942935705184937,0.496285229921341,0.4425426721572876,0.462202399969101,0.4673220217227936,0.458831787109375,0.441852867603302,0.4537654519081116,0.4980188310146332,0.4713872075080872,0.4922945499420166,0.4921489655971527,0.4924203455448151,0.49121969938278204,0.4602257311344147,0.4843379259109497,0.33353736996650696,0.3493002653121948,0.3693426847457886,0.3228341639041901,0.2809590697288513,0.2795109152793884,0.2580566704273224,0.26736879348754883,0.2735586166381836,0.25807809829711914,0.25465214252471924,0.3774357438087464,0.3740164935588837,0.37489208579063416,0.3786580860614777,0.3357018232345581,0.3508088290691376,0.521695077419281,0.4860989153385162,0.5004175901412964,0.474556714296341,0.5015271306037903,0.4855160117149353,0.4483503699302673,0.4854908883571625,0.4795660972595215,0.4906505942344666,0.4719525277614594,0.476752519607544,0.4967111945152282,0.4906147420406342,0.4758289456367493,0.4881257116794586,0.5205007195472717,0.5267906785011292,0.5411421656608582,0.5481659173965454
